{
  "drones": [
    {
      "id": 1,
      "name": "Drone 1",
      "batery": 1200,
      "age": 9,
      "image": "https://www.nysenate.gov/sites/default/files/press-release/main-image/drone.jpg"
    },
    {
      "id": 2,
      "name": "Drone 2",
      "batery": 14500,
      "age": 3,
      "image": "https://www.nysenate.gov/sites/default/files/press-release/main-image/drone.jpg"
    },
    {
      "id": 3,
      "name": "Drone 3",
      "batery": 1282,
      "age": 2,
      "image": "https://www.nysenate.gov/sites/default/files/press-release/main-image/drone.jpg"
    },
    {
      "id": 4,
      "name": "Drone 4",
      "batery": 3498,
      "age": 6,
      "image": "https://www.nysenate.gov/sites/default/files/press-release/main-image/drone.jpg"
    },
    {
      "id": 5,
      "name": "Drone 5",
      "batery": 5000,
      "age": 8,
      "image": "https://www.nysenate.gov/sites/default/files/press-release/main-image/drone.jpg"
    },
    {
      "id": 6,
      "name": "Drone 6",
      "batery": 4300,
      "age": 4,
      "image": "https://www.nysenate.gov/sites/default/files/press-release/main-image/drone.jpg"
    },
    {
      "id": 7,
      "name": "Drone 7",
      "batery": 2000,
      "age": 3,
      "image": "https://www.nysenate.gov/sites/default/files/press-release/main-image/drone.jpg"
    },
    {
      "id": 8,
      "name": "Drone 8",
      "batery": 2090,
      "age": 2,
      "image": "https://www.nysenate.gov/sites/default/files/press-release/main-image/drone.jpg"
    },
    {
      "id": 9,
      "name": "Drone 9",
      "batery": 9000,
      "age": 4,
      "image": "https://www.nysenate.gov/sites/default/files/press-release/main-image/drone.jpg"
    },
    {
      "id": 10,
      "name": "Drone 10",
      "batery": 2300,
      "age": 5,
      "image": "https://www.nysenate.gov/sites/default/files/press-release/main-image/drone.jpg"
    }
  ]
}
