{
  "reports": [
    {
      "id": 1,
      "drone_id": 1,
      "time": 1616079586328,
      "speed": 40,
      "latitude": 51.474579,
      "longitud": -0.171834,
      "traffic_conditions": "LIGHT"
    },
    {
      "id": 2,
      "drone_id": 1,
      "time": 1616079586390,
      "speed": 35,
      "latitude": 51.479015,
      "longitud": -0.172361,
      "traffic_conditions": "MODERATE"
    },

    {
      "id": 3,
      "drone_id": 2,
      "time": 1616079586325,
      "speed": 50,
      "latitude": 60.479015,
      "longitud": -4.172361,
      "traffic_conditions": "HEAVY"
    },
    {
      "id": 4,
      "drone_id": 2,
      "time": 1616079586428,
      "speed": 25,
      "latitude": 61.479015,
      "longitud": -4.272361,
      "traffic_conditions": "LIGHT"
    },
    {
      "id": 5,
      "drone_id": 2,
      "time": 1616079586321,
      "speed": 44,
      "latitude": 61.579015,
      "longitud": -4.252361,
      "traffic_conditions": "MODERATE"
    },

    {
      "id": 6,
      "drone_id": 3,
      "time": 1616079586329,
      "speed": 62,
      "latitude": 91.579015,
      "longitud": -5.252361,
      "traffic_conditions": "HEAVY"
    },

    {
      "id": 7,
      "drone_id": 4,
      "time": 1616079580329,
      "speed": 23,
      "latitude": 88.479015,
      "longitud": -8.258361,
      "traffic_conditions": "LIGHT"
    },
    {
      "id": 8,
      "drone_id": 4,
      "time": 1616074586329,
      "speed": 70,
      "latitude": 88.879015,
      "longitud": -8.282361,
      "traffic_conditions": "HEAVY"
    },

    {
      "id": 9,
      "drone_id": 5,
      "time": 1616034586329,
      "speed": 35,
      "latitude": 43.879015,
      "longitud": -10.292361,
      "traffic_conditions": "HEAVY"
    },

    {
      "id": 10,
      "drone_id": 6,
      "time": 1616034566329,
      "speed": 56,
      "latitude": 77.877015,
      "longitud": -14.295361,
      "traffic_conditions": "MODERATE"
    },
    {
      "id": 11,
      "drone_id": 6,
      "time": 1616034776329,
      "speed": 67,
      "latitude": 78.879715,
      "longitud": -14.262361,
      "traffic_conditions": "LIGHT"
    },

    {
      "id": 12,
      "drone_id": 7,
      "time": 1616034586329,
      "speed": 83,
      "latitude": 49.879915,
      "longitud": -9.298761,
      "traffic_conditions": "HEAVY"
    },
    {
      "id": 13,
      "drone_id": 7,
      "time": 1616034586329,
      "speed": 83,
      "latitude": 49.879915,
      "longitud": -9.298761,
      "traffic_conditions": "LIGHT"
    },
    {
      "id": 14,
      "drone_id": 7,
      "time": 1616034586329,
      "speed": 83,
      "latitude": 49.879915,
      "longitud": -9.298761,
      "traffic_conditions": "MODERATE"
    },
    {
      "id": 15,
      "drone_id": 7,
      "time": 1616034586329,
      "speed": 83,
      "latitude": 49.879915,
      "longitud": -9.298761,
      "traffic_conditions": "MODERATE"
    },
    {
      "id": 16,
      "drone_id": 7,
      "time": 1616034586329,
      "speed": 83,
      "latitude": 49.879915,
      "longitud": -9.298761,
      "traffic_conditions": "HEAVY"
    },
    {
      "id": 17,
      "drone_id": 7,
      "time": 1616034586329,
      "speed": 83,
      "latitude": 49.879915,
      "longitud": -9.298761,
      "traffic_conditions": "MODERATE"
    },
    {
      "id": 18,
      "drone_id": 7,
      "time": 1616034586329,
      "speed": 83,
      "latitude": 49.879915,
      "longitud": -9.298761,
      "traffic_conditions": "HEAVY"
    },
    {
      "id": 19,
      "drone_id": 7,
      "time": 1616034586329,
      "speed": 83,
      "latitude": 49.879915,
      "longitud": -9.298761,
      "traffic_conditions": "HEAVY"
    },

    {
      "id": 20,
      "drone_id": 8,
      "time": 1616034586329,
      "speed": 70,
      "latitude": 49.879915,
      "longitud": -9.298761,
      "traffic_conditions": "MODERATE"
    },
    {
      "id": 21,
      "drone_id": 8,
      "time": 1616034586329,
      "speed": 70,
      "latitude": 49.879915,
      "longitud": -9.298761,
      "traffic_conditions": "HEAVY"
    },
    {
      "id": 22,
      "drone_id": 8,
      "time": 1616034586329,
      "speed": 70,
      "latitude": 49.879915,
      "longitud": -9.298761,
      "traffic_conditions": "HEAVY"
    },
    {
      "id": 23,
      "drone_id": 8,
      "time": 1616034586329,
      "speed": 70,
      "latitude": 49.879915,
      "longitud": -9.298761,
      "traffic_conditions": "HEAVY"
    },
    {
      "id": 24,
      "drone_id": 8,
      "time": 1616034586329,
      "speed": 82,
      "latitude": 49.879915,
      "longitud": -9.298761,
      "traffic_conditions": "MODERATE"
    },

    {
      "id": 25,
      "drone_id": 9,
      "time": 1616034586329,
      "speed": 82,
      "latitude": 49.879915,
      "longitud": -9.298761,
      "traffic_conditions": "MODERATE"
    },
    {
      "id": 26,
      "drone_id": 9,
      "time": 1616034586329,
      "speed": 82,
      "latitude": 49.879915,
      "longitud": -9.298761,
      "traffic_conditions": "HEAVY"
    },
    {
      "id": 27,
      "drone_id": 9,
      "time": 1616034586329,
      "speed": 82,
      "latitude": 49.879915,
      "longitud": -9.298761,
      "traffic_conditions": "HEAVY"
    },
    {
      "id": 28,
      "drone_id": 9,
      "time": 1616034586329,
      "speed": 82,
      "latitude": 49.879915,
      "longitud": -9.298761,
      "traffic_conditions": "HEAVY"
    },
    {
      "id": 29,
      "drone_id": 9,
      "time": 1616034586329,
      "speed": 82,
      "latitude": 49.879915,
      "longitud": -9.298761,
      "traffic_conditions": "MODERATE"
    },

    {
      "id": 30,
      "drone_id": 10,
      "time": 1616034586329,
      "speed": 38,
      "latitude": 49.879915,
      "longitud": -9.298761,
      "traffic_conditions": "MODERATE"
    },
    {
      "id": 31,
      "drone_id": 10,
      "time": 1616034586329,
      "speed": 38,
      "latitude": 49.879915,
      "longitud": -9.298761,
      "traffic_conditions": "MODERATE"
    },
    {
      "id": 32,
      "drone_id": 10,
      "time": 1616034586329,
      "speed": 38,
      "latitude": 49.879915,
      "longitud": -9.298761,
      "traffic_conditions": "MODERATE"
    },
    {
      "id": 33,
      "drone_id": 10,
      "time": 1616034586329,
      "speed": 38,
      "latitude": 49.879915,
      "longitud": -9.298761,
      "traffic_conditions": "MODERATE"
    },
    {
      "id": 34,
      "drone_id": 10,
      "time": 1616034586329,
      "speed": 38,
      "latitude": 49.879915,
      "longitud": -9.298761,
      "traffic_conditions": "MODERATE"
    }
  ]
}
