{
  "drones": [
    {
      "id": 1,
      "name": "Drone 1",
      "batery": 1200,
      "age": 9,
      "image": "https://www.nysenate.gov/sites/default/files/press-release/main-image/drone.jpg"
    },
    {
      "id": 2,
      "name": "Drone 2",
      "batery": 14500,
      "age": 3,
      "image": "https://www.nysenate.gov/sites/default/files/press-release/main-image/drone.jpg"
    },
    {
      "id": 3,
      "name": "Drone 3",
      "batery": 1282,
      "age": 2,
      "image": "https://www.nysenate.gov/sites/default/files/press-release/main-image/drone.jpg"
    },
    {
      "id": 4,
      "name": "Drone 4",
      "batery": 3498,
      "age": 6,
      "image": "https://www.nysenate.gov/sites/default/files/press-release/main-image/drone.jpg"
    },
    {
      "id": 5,
      "name": "Drone 5",
      "batery": 5000,
      "age": 8,
      "image": "https://www.nysenate.gov/sites/default/files/press-release/main-image/drone.jpg"
    },
    {
      "id": 6,
      "name": "Drone 6",
      "batery": 4300,
      "age": 4,
      "image": "https://www.nysenate.gov/sites/default/files/press-release/main-image/drone.jpg"
    },
    {
      "id": 7,
      "name": "Drone 7",
      "batery": 2000,
      "age": 3,
      "image": "https://www.nysenate.gov/sites/default/files/press-release/main-image/drone.jpg"
    },
    {
      "id": 8,
      "name": "Drone 8",
      "batery": 2090,
      "age": 2,
      "image": "https://www.nysenate.gov/sites/default/files/press-release/main-image/drone.jpg"
    },
    {
      "id": 9,
      "name": "Drone 9",
      "batery": 9000,
      "age": 4,
      "image": "https://www.nysenate.gov/sites/default/files/press-release/main-image/drone.jpg"
    },
    {
      "id": 10,
      "name": "Drone 10",
      "batery": 2300,
      "age": 5,
      "image": "https://www.nysenate.gov/sites/default/files/press-release/main-image/drone.jpg"
    },
    {
      "id": 11,
      "name": "Drone 11",
      "batery": 2300,
      "age": 5,
      "image": "https://www.nysenate.gov/sites/default/files/press-release/main-image/drone.jpg"
    },
    {
      "id": 12,
      "name": "Drone 12",
      "batery": 2300,
      "age": 5,
      "image": "https://www.nysenate.gov/sites/default/files/press-release/main-image/drone.jpg"
    },
    {
      "id": 13,
      "name": "Drone 13",
      "batery": 2300,
      "age": 5,
      "image": "https://www.nysenate.gov/sites/default/files/press-release/main-image/drone.jpg"
    },
    {
      "id": 14,
      "name": "Drone 14",
      "batery": 2300,
      "age": 5,
      "image": "https://www.nysenate.gov/sites/default/files/press-release/main-image/drone.jpg"
    },
    {
      "id": 15,
      "name": "Drone 15",
      "batery": 2300,
      "age": 5,
      "image": "https://www.nysenate.gov/sites/default/files/press-release/main-image/drone.jpg"
    },
    {
      "id": 16,
      "name": "Drone 16",
      "batery": 2300,
      "age": 5,
      "image": "https://www.nysenate.gov/sites/default/files/press-release/main-image/drone.jpg"
    },
    {
      "id": 17,
      "name": "Drone 17",
      "batery": 2300,
      "age": 5,
      "image": "https://www.nysenate.gov/sites/default/files/press-release/main-image/drone.jpg"
    },
    {
      "id": 18,
      "name": "Drone 18",
      "batery": 2300,
      "age": 3,
      "image": "https://www.nysenate.gov/sites/default/files/press-release/main-image/drone.jpg"
    },
    {
      "id": 19,
      "name": "Drone 19",
      "batery": 2300,
      "age": 5,
      "image": "https://www.nysenate.gov/sites/default/files/press-release/main-image/drone.jpg"
    },
    {
      "id": 20,
      "name": "Drone 20",
      "batery": 2300,
      "age": 9,
      "image": "https://www.nysenate.gov/sites/default/files/press-release/main-image/drone.jpg"
    },
    {
      "id": 21,
      "name": "Drone 21",
      "batery": 2300,
      "age": 9,
      "image": "https://www.nysenate.gov/sites/default/files/press-release/main-image/drone.jpg"
    },
    {
      "id": 22,
      "name": "Drone 22",
      "batery": 2300,
      "age": 9,
      "image": "https://www.nysenate.gov/sites/default/files/press-release/main-image/drone.jpg"
    },
    {
      "id": 23,
      "name": "Drone 23",
      "batery": 2300,
      "age": 9,
      "image": "https://www.nysenate.gov/sites/default/files/press-release/main-image/drone.jpg"
    },
    {
      "id": 24,
      "name": "Drone 24",
      "batery": 2300,
      "age": 9,
      "image": "https://www.nysenate.gov/sites/default/files/press-release/main-image/drone.jpg"
    },
    {
      "id": 25,
      "name": "Drone 25",
      "batery": 2300,
      "age": 9,
      "image": "https://www.nysenate.gov/sites/default/files/press-release/main-image/drone.jpg"
    },
    {
      "id": 26,
      "name": "Drone 26",
      "batery": 2300,
      "age": 9,
      "image": "https://www.nysenate.gov/sites/default/files/press-release/main-image/drone.jpg"
    },
    {
      "id": 27,
      "name": "Drone 27",
      "batery": 2300,
      "age": 9,
      "image": "https://www.nysenate.gov/sites/default/files/press-release/main-image/drone.jpg"
    },
    {
      "id": 28,
      "name": "Drone 28",
      "batery": 2300,
      "age": 9,
      "image": "https://www.nysenate.gov/sites/default/files/press-release/main-image/drone.jpg"
    },
    {
      "id": 29,
      "name": "Drone 29",
      "batery": 2300,
      "age": 9,
      "image": "https://www.nysenate.gov/sites/default/files/press-release/main-image/drone.jpg"
    },
    {
      "id": 30,
      "name": "Drone 30",
      "batery": 2300,
      "age": 9,
      "image": "https://www.nysenate.gov/sites/default/files/press-release/main-image/drone.jpg"
    },
    {
      "id": 31,
      "name": "Drone 31",
      "batery": 2300,
      "age": 9,
      "image": "https://www.nysenate.gov/sites/default/files/press-release/main-image/drone.jpg"
    },
    {
      "id": 32,
      "name": "Drone 32",
      "batery": 2300,
      "age": 9,
      "image": "https://www.nysenate.gov/sites/default/files/press-release/main-image/drone.jpg"
    },
    {
      "id": 33,
      "name": "Drone 33",
      "batery": 2300,
      "age": 9,
      "image": "https://www.nysenate.gov/sites/default/files/press-release/main-image/drone.jpg"
    },
    {
      "id": 34,
      "name": "Drone 34",
      "batery": 2300,
      "age": 9,
      "image": "https://www.nysenate.gov/sites/default/files/press-release/main-image/drone.jpg"
    },
    {
      "id": 35,
      "name": "Drone 35",
      "batery": 2300,
      "age": 9,
      "image": "https://www.nysenate.gov/sites/default/files/press-release/main-image/drone.jpg"
    },
    {
      "id": 36,
      "name": "Drone 36",
      "batery": 2300,
      "age": 9,
      "image": "https://www.nysenate.gov/sites/default/files/press-release/main-image/drone.jpg"
    },
    {
      "id": 37,
      "name": "Drone 37",
      "batery": 2300,
      "age": 9,
      "image": "https://www.nysenate.gov/sites/default/files/press-release/main-image/drone.jpg"
    },
    {
      "id": 38,
      "name": "Drone 38",
      "batery": 2300,
      "age": 9,
      "image": "https://www.nysenate.gov/sites/default/files/press-release/main-image/drone.jpg"
    },
    {
      "id": 39,
      "name": "Drone 39",
      "batery": 2300,
      "age": 9,
      "image": "https://www.nysenate.gov/sites/default/files/press-release/main-image/drone.jpg"
    },
    {
      "id": 40,
      "name": "Drone 40",
      "batery": 2300,
      "age": 9,
      "image": "https://www.nysenate.gov/sites/default/files/press-release/main-image/drone.jpg"
    },
    {
      "id": 41,
      "name": "Drone 41",
      "batery": 2300,
      "age": 9,
      "image": "https://www.nysenate.gov/sites/default/files/press-release/main-image/drone.jpg"
    },
    {
      "id": 41,
      "name": "Drone 41",
      "batery": 2300,
      "age": 9,
      "image": "https://www.nysenate.gov/sites/default/files/press-release/main-image/drone.jpg"
    },
    {
      "id": 42,
      "name": "Drone 42",
      "batery": 2300,
      "age": 9,
      "image": "https://www.nysenate.gov/sites/default/files/press-release/main-image/drone.jpg"
    },
    {
      "id": 43,
      "name": "Drone 43",
      "batery": 2300,
      "age": 9,
      "image": "https://www.nysenate.gov/sites/default/files/press-release/main-image/drone.jpg"
    },
    {
      "id": 44,
      "name": "Drone 44",
      "batery": 2300,
      "age": 9,
      "image": "https://www.nysenate.gov/sites/default/files/press-release/main-image/drone.jpg"
    },
    {
      "id": 45,
      "name": "Drone 45",
      "batery": 2300,
      "age": 9,
      "image": "https://www.nysenate.gov/sites/default/files/press-release/main-image/drone.jpg"
    },
    {
      "id": 46,
      "name": "Drone 46",
      "batery": 2300,
      "age": 9,
      "image": "https://www.nysenate.gov/sites/default/files/press-release/main-image/drone.jpg"
    },
    {
      "id": 47,
      "name": "Drone 47",
      "batery": 2300,
      "age": 9,
      "image": "https://www.nysenate.gov/sites/default/files/press-release/main-image/drone.jpg"
    },
    {
      "id": 48,
      "name": "Drone 48",
      "batery": 2300,
      "age": 9,
      "image": "https://www.nysenate.gov/sites/default/files/press-release/main-image/drone.jpg"
    },
    {
      "id": 49,
      "name": "Drone 49",
      "batery": 2300,
      "age": 9,
      "image": "https://www.nysenate.gov/sites/default/files/press-release/main-image/drone.jpg"
    },
    {
      "id": 50,
      "name": "Drone 50",
      "batery": 2300,
      "age": 9,
      "image": "https://www.nysenate.gov/sites/default/files/press-release/main-image/drone.jpg"
    },
    {
      "id": 50,
      "name": "Drone 50",
      "batery": 2300,
      "age": 9,
      "image": "https://www.nysenate.gov/sites/default/files/press-release/main-image/drone.jpg"
    },
    {
      "id": 51,
      "name": "Drone 51",
      "batery": 2300,
      "age": 9,
      "image": "https://www.nysenate.gov/sites/default/files/press-release/main-image/drone.jpg"
    },
    {
      "id": 52,
      "name": "Drone 52",
      "batery": 2300,
      "age": 9,
      "image": "https://www.nysenate.gov/sites/default/files/press-release/main-image/drone.jpg"
    },
    {
      "id": 53,
      "name": "Drone 53",
      "batery": 2300,
      "age": 9,
      "image": "https://www.nysenate.gov/sites/default/files/press-release/main-image/drone.jpg"
    },
    {
      "id": 54,
      "name": "Drone 54",
      "batery": 2300,
      "age": 9,
      "image": "https://www.nysenate.gov/sites/default/files/press-release/main-image/drone.jpg"
    },
    {
      "id": 55,
      "name": "Drone 55",
      "batery": 2300,
      "age": 9,
      "image": "https://www.nysenate.gov/sites/default/files/press-release/main-image/drone.jpg"
    },
    {
      "id": 56,
      "name": "Drone 56",
      "batery": 2300,
      "age": 9,
      "image": "https://www.nysenate.gov/sites/default/files/press-release/main-image/drone.jpg"
    },
    {
      "id": 57,
      "name": "Drone 57",
      "batery": 2300,
      "age": 9,
      "image": "https://www.nysenate.gov/sites/default/files/press-release/main-image/drone.jpg"
    },
    {
      "id": 58,
      "name": "Drone 58",
      "batery": 2300,
      "age": 9,
      "image": "https://www.nysenate.gov/sites/default/files/press-release/main-image/drone.jpg"
    },
    {
      "id": 59,
      "name": "Drone 59",
      "batery": 2300,
      "age": 9,
      "image": "https://www.nysenate.gov/sites/default/files/press-release/main-image/drone.jpg"
    },
    {
      "id": 60,
      "name": "Drone 60",
      "batery": 2300,
      "age": 9,
      "image": "https://www.nysenate.gov/sites/default/files/press-release/main-image/drone.jpg"
    },
    {
      "id": 61,
      "name": "Drone 61",
      "batery": 2300,
      "age": 9,
      "image": "https://www.nysenate.gov/sites/default/files/press-release/main-image/drone.jpg"
    },
    {
      "id": 62,
      "name": "Drone 62",
      "batery": 2300,
      "age": 9,
      "image": "https://www.nysenate.gov/sites/default/files/press-release/main-image/drone.jpg"
    },
    {
      "id": 63,
      "name": "Drone 63",
      "batery": 2300,
      "age": 9,
      "image": "https://www.nysenate.gov/sites/default/files/press-release/main-image/drone.jpg"
    },
    {
      "id": 64,
      "name": "Drone 64",
      "batery": 2300,
      "age": 9,
      "image": "https://www.nysenate.gov/sites/default/files/press-release/main-image/drone.jpg"
    },
    {
      "id": 65,
      "name": "Drone 65",
      "batery": 2300,
      "age": 9,
      "image": "https://www.nysenate.gov/sites/default/files/press-release/main-image/drone.jpg"
    },
    {
      "id": 66,
      "name": "Drone 66",
      "batery": 2300,
      "age": 9,
      "image": "https://www.nysenate.gov/sites/default/files/press-release/main-image/drone.jpg"
    },
    {
      "id": 67,
      "name": "Drone 67",
      "batery": 2300,
      "age": 9,
      "image": "https://www.nysenate.gov/sites/default/files/press-release/main-image/drone.jpg"
    },
    {
      "id": 68,
      "name": "Drone 68",
      "batery": 2300,
      "age": 9,
      "image": "https://www.nysenate.gov/sites/default/files/press-release/main-image/drone.jpg"
    },
    {
      "id": 69,
      "name": "Drone 69",
      "batery": 2300,
      "age": 9,
      "image": "https://www.nysenate.gov/sites/default/files/press-release/main-image/drone.jpg"
    },
    {
      "id": 70,
      "name": "Drone 70",
      "batery": 2300,
      "age": 9,
      "image": "https://www.nysenate.gov/sites/default/files/press-release/main-image/drone.jpg"
    },
    {
      "id": 71,
      "name": "Drone 71",
      "batery": 2300,
      "age": 9,
      "image": "https://www.nysenate.gov/sites/default/files/press-release/main-image/drone.jpg"
    },
    {
      "id": 72,
      "name": "Drone 72",
      "batery": 2300,
      "age": 9,
      "image": "https://www.nysenate.gov/sites/default/files/press-release/main-image/drone.jpg"
    },
    {
      "id": 73,
      "name": "Drone 73",
      "batery": 2300,
      "age": 9,
      "image": "https://www.nysenate.gov/sites/default/files/press-release/main-image/drone.jpg"
    },
    {
      "id": 74,
      "name": "Drone 74",
      "batery": 2300,
      "age": 9,
      "image": "https://www.nysenate.gov/sites/default/files/press-release/main-image/drone.jpg"
    },
    {
      "id": 75,
      "name": "Drone 75",
      "batery": 2300,
      "age": 9,
      "image": "https://www.nysenate.gov/sites/default/files/press-release/main-image/drone.jpg"
    },
    {
      "id": 76,
      "name": "Drone 76",
      "batery": 2300,
      "age": 9,
      "image": "https://www.nysenate.gov/sites/default/files/press-release/main-image/drone.jpg"
    },
    {
      "id": 77,
      "name": "Drone 77",
      "batery": 2300,
      "age": 9,
      "image": "https://www.nysenate.gov/sites/default/files/press-release/main-image/drone.jpg"
    },
    {
      "id": 78,
      "name": "Drone 78",
      "batery": 2300,
      "age": 9,
      "image": "https://www.nysenate.gov/sites/default/files/press-release/main-image/drone.jpg"
    },
    {
      "id": 79,
      "name": "Drone 79",
      "batery": 2300,
      "age": 9,
      "image": "https://www.nysenate.gov/sites/default/files/press-release/main-image/drone.jpg"
    },
    {
      "id": 80,
      "name": "Drone 80",
      "batery": 2300,
      "age": 9,
      "image": "https://www.nysenate.gov/sites/default/files/press-release/main-image/drone.jpg"
    },
    {
      "id": 81,
      "name": "Drone 81",
      "batery": 2300,
      "age": 9,
      "image": "https://www.nysenate.gov/sites/default/files/press-release/main-image/drone.jpg"
    },
    {
      "id": 82,
      "name": "Drone 82",
      "batery": 2300,
      "age": 9,
      "image": "https://www.nysenate.gov/sites/default/files/press-release/main-image/drone.jpg"
    },
    {
      "id": 83,
      "name": "Drone 83",
      "batery": 2300,
      "age": 9,
      "image": "https://www.nysenate.gov/sites/default/files/press-release/main-image/drone.jpg"
    },
    {
      "id": 84,
      "name": "Drone 84",
      "batery": 2300,
      "age": 9,
      "image": "https://www.nysenate.gov/sites/default/files/press-release/main-image/drone.jpg"
    },
    {
      "id": 85,
      "name": "Drone 85",
      "batery": 2300,
      "age": 9,
      "image": "https://www.nysenate.gov/sites/default/files/press-release/main-image/drone.jpg"
    },
    {
      "id": 86,
      "name": "Drone 86",
      "batery": 2300,
      "age": 9,
      "image": "https://www.nysenate.gov/sites/default/files/press-release/main-image/drone.jpg"
    },
    {
      "id": 87,
      "name": "Drone 87",
      "batery": 2300,
      "age": 9,
      "image": "https://www.nysenate.gov/sites/default/files/press-release/main-image/drone.jpg"
    },
    {
      "id": 88,
      "name": "Drone 88",
      "batery": 2300,
      "age": 9,
      "image": "https://www.nysenate.gov/sites/default/files/press-release/main-image/drone.jpg"
    },
    {
      "id": 89,
      "name": "Drone 89",
      "batery": 2300,
      "age": 9,
      "image": "https://www.nysenate.gov/sites/default/files/press-release/main-image/drone.jpg"
    },
    {
      "id": 90,
      "name": "Drone 90",
      "batery": 2300,
      "age": 9,
      "image": "https://www.nysenate.gov/sites/default/files/press-release/main-image/drone.jpg"
    },
    {
      "id": 91,
      "name": "Drone 91",
      "batery": 2300,
      "age": 9,
      "image": "https://www.nysenate.gov/sites/default/files/press-release/main-image/drone.jpg"
    },
    {
      "id": 92,
      "name": "Drone 92",
      "batery": 2300,
      "age": 9,
      "image": "https://www.nysenate.gov/sites/default/files/press-release/main-image/drone.jpg"
    },
    {
      "id": 93,
      "name": "Drone 93",
      "batery": 2300,
      "age": 9,
      "image": "https://www.nysenate.gov/sites/default/files/press-release/main-image/drone.jpg"
    },
    {
      "id": 94,
      "name": "Drone 94",
      "batery": 2300,
      "age": 9,
      "image": "https://www.nysenate.gov/sites/default/files/press-release/main-image/drone.jpg"
    },
    {
      "id": 95,
      "name": "Drone 95",
      "batery": 2300,
      "age": 9,
      "image": "https://www.nysenate.gov/sites/default/files/press-release/main-image/drone.jpg"
    },
    {
      "id": 96,
      "name": "Drone 96",
      "batery": 2300,
      "age": 9,
      "image": "https://www.nysenate.gov/sites/default/files/press-release/main-image/drone.jpg"
    },
    {
      "id": 97,
      "name": "Drone 97",
      "batery": 2300,
      "age": 9,
      "image": "https://www.nysenate.gov/sites/default/files/press-release/main-image/drone.jpg"
    },
    {
      "id": 98,
      "name": "Drone 98",
      "batery": 2300,
      "age": 9,
      "image": "https://www.nysenate.gov/sites/default/files/press-release/main-image/drone.jpg"
    },
    {
      "id": 99,
      "name": "Drone 99",
      "batery": 2300,
      "age": 9,
      "image": "https://www.nysenate.gov/sites/default/files/press-release/main-image/drone.jpg"
    }
  ]
}
