"Acton Town",51.503071,-0.280303
"Aldgate",51.514342,-0.075627
"Aldgate East",51.51503,-0.073162
"All Saints (DLR)",51.510477,-0.012625
"Alperton",51.541209,-0.299516
"Amersham",51.674129,-0.606514
"Angel",51.532968,-0.105581
"Archway",51.565491,-0.135122
"Arnos Grove",51.61623,-0.13427
"Arsenal",51.55855,-0.105456
"Baker Street",51.52313,-0.156904
"Balham",51.443183,-0.152685
"Bank",51.513347,-0.089
"Barbican",51.520215,-0.097722
"Barking",51.539521,0.080832
"Barkingside",51.586008,0.091227
"Barons Court",51.490229,-0.21343
"Bayswater",51.512111,-0.187902
"Beckton (DLR)",51.51499,0.06089
"Beckton Park (DLR)",51.509994,0.055534
"Becontree",51.539585,0.12688
"Belsize Park",51.550191,-0.163974
"Bermondsey",51.497961,-0.06433
"Bethnal Green",51.527192,-0.055392
"Blackfriars",51.511587,-0.102995
"Blackhorse Road",51.585777,-0.039626
"Blackwall (DLR)",51.508728,-0.0076
"Bond Street",51.51381,-0.14933
"Borough",51.501049,-0.094197
"Boston Manor",51.495766,-0.324747
"Bounds Green",51.608409,-0.126489
"Bow Church (DLR)",51.527615,-0.0205
"Bow Road",51.527042,-0.02436
"Brent Cross",51.576599,-0.213336
"Brixton",51.462737,-0.114552
"Bromley-by-Bow",51.52484,-0.011682
"Buckhurst Hill",51.62652,0.04672
"Burnt Oak",51.602508,-0.26439
"Caledonian Road",51.547139,-0.118334
"Camden Town",51.539701,-0.142564
"Canada Water",51.498168,-0.050807
"Canary Wharf (DLR)",51.505505,-0.018
"Canning Town",51.514738,0.009079
"Cannon Street",51.511362,-0.090251
"Canons Park",51.607651,-0.294392
"Chalfont & Latimer",51.667898,-0.560996
"Chalk Farm",51.544149,-0.153733
"Chancery Lane",51.518494,-0.111962
"Charing Cross",51.508359,-0.124803
"Chesham",51.70538,-0.61143
"Chigwell",51.617858,0.076179
"Chiswick Park",51.494371,-0.267737
"Chorleywood",51.654266,-0.518334
"Clapham Common",51.461804,-0.138315
"Clapham North",51.464916,-0.12991
"Clapham South",51.452676,-0.147984
"Cockfosters",51.652024,-0.149917
"Colindale",51.595247,-0.250157
"Colliers Wood",51.418279,-0.177765
"Covent Garden",51.51276,-0.124507
"Crossharbour & London Arena (DLR)",51.49604,-0.015039
"Croxley",51.647005,-0.441604
"Custom House",51.509863,0.026936
"Cutty Sark for Maritime Greenwich (DLR)",51.48206,-0.01049
"Cyprus (DLR)",51.509496,0.062933
"Dagenham East",51.544187,0.165833
"Dagenham Heathway",51.541212,0.14768
"Debden",51.645492,0.083801
"Deptford Bridge (DLR)",51.474477,-0.022052
"Devons Road (DLR)",51.522258,-0.018008
"Dollis Hill",51.550926,-0.236526
"Ealing Broadway",51.514857,-0.301679
"Ealing Common",51.510249,-0.287151
"Earls Court",51.491357,-0.194314
"East Acton",51.516299,-0.248068
"East Finchley",51.587333,-0.164744
"East Ham",51.538996,0.051447
"East India (DLR)",51.508684,-0.00237
"East Putney",51.45888,-0.210998
"Eastcote",51.576552,-0.396823
"Edgware",51.61423,-0.275094
"Edgware Road (Bakerloo)",51.520319,-0.170365
"Edgware Road (Circle/District/H&C)",51.519998,-0.167668
"Elephant & Castle",51.495849,-0.100739
"Elm Park",51.549125,0.197253
"Elverson Road (DLR)",51.468372,-0.016816
"Embankment",51.507312,-0.122367
"Epping",51.693686,0.113826
"Euston",51.528664,-0.133296
"Euston Square",51.52579,-0.13578
"Fairlop",51.59611,0.090593
"Farringdon",51.520196,-0.104843
"Finchley Central",51.600903,-0.193221
"Finchley Road",51.547096,-0.180051
"Finsbury Park",51.564635,-0.105881
"Fulham Broadway",51.480603,-0.194955
"Gallions Reach (DLR)",51.508613,0.069148
"Gants Hill",51.576549,0.066315
"Gloucester Road",51.4945,-0.183544
"Golders Green",51.572216,-0.194835
"Goldhawk Road",51.502077,-0.227404
"Goodge Street",51.520613,-0.134808
"Grange Hill",51.61344,0.092545
"Great Portland Street",51.523721,-0.143965
"Green Park",51.50687,-0.14336
"Greenford",51.54198,-0.345879
"Greenwich",51.477548,-0.014863
"Gunnersbury",51.491863,-0.275164
"Hainault",51.602845,0.094109
"Hammersmith (District)",51.49182,-0.222861
"Hammersmith (Met.)",51.493483,-0.22464
"Hampstead",51.556543,-0.178015
"Hanger Lane",51.530056,-0.293141
"Harlesden",51.536258,-0.257496
"Harrow & Wealdstone",51.592595,-0.334253
"Harrow-on-the-Hill",51.579388,-0.337002
"Hatton Cross",51.466685,-0.423381
"Heathrow Terminals 1 2 3",51.471268,-0.452854
"Heathrow Terminal 4",51.45895,-0.44568
"Heathrow Terminal 5",51.471302,-0.487827
"Hendon Central",51.583133,-0.226734
"Heron Quays (DLR)",51.5029,-0.020822
"High Barnet",51.651688,-0.194165
"Highbury & Islington",51.546496,-0.104082
"Highgate",51.577647,-0.146935
"High Street Kensington",51.500729,-0.191566
"Hillingdon",51.553778,-0.449898
"Holborn",51.517236,-0.119841
"Holland Park",51.507146,-0.206558
"Holloway Road",51.552816,-0.112936
"Hornchurch",51.554355,0.218927
"Hounslow Central",51.470926,-0.365958
"Hounslow East",51.47324,-0.357193
"Hounslow West",51.473106,-0.385708
"Hyde Park Corner",51.502309,-0.15443
"Ickenham",51.560825,-0.44158
"Island Gardens (DLR)",51.487887,-0.012095
"Kennington",51.488662,-0.105071
"Kensal Green",51.530524,-0.224713
"Kensington (Olympia)",51.49788,-0.210379
"Kentish Town",51.550101,-0.140583
"Kenton",51.581496,-0.315217
"Kew Gardens",51.476789,-0.285381
"Kilburn",51.546944,-0.204633
"Kilburn Park",51.535136,-0.193966
"Kings Cross St. Pancras",51.53039,-0.12396
"Kingsbury",51.584877,-0.278602
"King George V  (DLR)",51.500889,0.063496
"Knightsbridge",51.50151,-0.16048
"Ladbroke Grove",51.517257,-0.210297
"Lambeth North",51.49913,-0.111768
"Lancaster Gate",51.511891,-0.17543
"Latimer Road",51.513958,-0.21746
"Leicester Square",51.511291,-0.128242
"Lewisham",51.46532,-0.0134
"Leyton",51.558132,-0.006465
"Leytonstone",51.568514,0.009126
"Limehouse",51.512312,-0.03938
"Liverpool Street",51.517598,-0.08225
"London Bridge",51.504674,-0.086006
"Langdon Park  (DLR)",51.515273,-0.012286
"London City Airport (DLR)",51.502538,0.048397
"Loughton",51.64157,0.055279
"Maida Vale",51.529995,-0.185433
"Manor House",51.571455,-0.096088
"Mansion House",51.512092,-0.094198
"Marble Arch",51.51356,-0.15845
"Marylebone",51.522397,-0.163493
"Mile End",51.525311,-0.032666
"Mill Hill East",51.608612,-0.210375
"Monument",51.51063,-0.086188
"Moor Park",51.629931,-0.432913
"Moorgate",51.518518,-0.088438
"Morden",51.402194,-0.19478
"Mornington Crescent",51.534362,-0.138744
"Mudchute (DLR)",51.492192,-0.015624
"Neasden",51.554628,-0.250115
"New Cross",51.476402,-0.031733
"New Cross Gate",51.475152,-0.039764
"Newbury Park",51.575648,0.090275
"North Acton",51.523432,-0.25973
"North Ealing",51.517622,-0.288994
"North Greenwich",51.500297,0.003214
"North Harrow",51.584631,-0.362633
"North Wembley",51.562396,-0.303948
"Northfields",51.500761,-0.315055
"Northolt",51.548213,-0.368441
"Northwick Park",51.579338,-0.319583
"Northwood",51.611214,-0.423838
"Northwood Hills",51.6005,-0.4092
"Notting Hill Gate",51.509392,-0.195834
"Oakwood",51.647638,-0.131854
"Old Street",51.52567,-0.087562
"Osterley",51.482184,-0.351788
"Oval",51.481616,-0.113125
"Oxford Circus",51.51511,-0.1417
"Paddington",51.515394,-0.175737
"Park Royal",51.526834,-0.284929
"Parsons Green",51.476255,-0.201131
"Perivale",51.536342,-0.32307
"Piccadilly Circus",51.50986,-0.1337
"Pimlico",51.489553,-0.133108
"Pinner",51.592362,-0.381224
"Plaistow",51.531288,0.017781
"Pontoon Dock  (DLR)",51.502529,0.026193
"Poplar (DLR)",51.508686,-0.016781
"Preston Road",51.57202,-0.2952
"Prince Regent (DLR)",51.51059,0.0322
"Pudding Mill Lane (DLR)",51.533756,-0.012447
"Putney Bridge",51.4679,-0.209306
"Queens Park",51.534358,-0.204825
"Queensbury",51.593883,-0.286332
"Queensway",51.510449,-0.18742
"Ravenscourt Park",51.495538,-0.236273
"Rayners Lane",51.5751,-0.3712
"Redbridge",51.576367,0.045394
"Regents Park",51.52347,-0.1468
"Richmond",51.464125,-0.300655
"Rickmansworth",51.640323,-0.473685
"Roding Valley",51.616956,0.044026
"Rotherhithe",51.501595,-0.052966
"Royal Albert (DLR)",51.508494,0.045177
"Royal Oak",51.518294,-0.188824
"Royal Victoria (DLR)",51.509995,0.017704
"Ruislip",51.572162,-0.421235
"Ruislip Gardens",51.55996,-0.409294
"Ruislip Manor",51.573452,-0.412849
"Russell Square",51.523013,-0.12459
"Seven Sisters",51.582393,-0.07424
"Shadwell (DLR)",51.5113,-0.056919
"Shepherds Bush",51.504849,-0.218665
"Shepherds Bush Market",51.505881,-0.2274
"Shoreditch",51.522709,-0.070921
"Sloane Square",51.49236,-0.156489
"Snaresbrook",51.58103,0.021268
"South Ealing",51.501644,-0.30704
"South Harrow",51.56468,-0.351894
"South Kensington",51.494071,-0.173923
"South Kenton",51.571108,-0.308155
"South Quay (DLR)",51.5006,-0.0191
"South Ruislip",51.556578,-0.398636
"South Wimbledon",51.415437,-0.191684
"South Woodford",51.591781,0.028242
"Southfields",51.446218,-0.205708
"Southgate",51.632376,-0.12777
"Southwark",51.50386,-0.105
"St. Jamess Park",51.499418,-0.134276
"St. Johns Wood",51.534854,-0.174065
"St. Pauls",51.514616,-0.097364
"Stamford Brook",51.494387,-0.245278
"Stanmore",51.619673,-0.303099
"Stepney Green",51.521839,-0.047173
"Stockwell",51.47109,-0.124589
"Stonebridge Park",51.543987,-0.2754
"Stratford",51.541693,-0.003752
"Sudbury Hill",51.55734,-0.336392
"Sudbury Town",51.551397,-0.316343
"Surrey Quays",51.4931,-0.047235
"Swiss Cottage",51.543035,-0.175627
"Temple",51.511041,-0.113726
"Theydon Bois",51.672552,0.102891
"Tooting Bec",51.43578,-0.1596
"Tooting Broadway",51.427049,-0.168685
"Tottenham Court Road",51.516206,-0.13087
"Tottenham Hale",51.588878,-0.062821
"Totteridge & Whetstone",51.630781,-0.179044
"Tower Gateway (DLR)",51.51062,-0.0741
"Tower Hill",51.510394,-0.076701
"Tufnell Park",51.556441,-0.137742
"Turnham Green",51.495182,-0.254525
"Turnpike Lane",51.590358,-0.102805
"Upminster",51.558764,0.250896
"Upminster Bridge",51.557719,0.234542
"Upney",51.538406,0.101532
"Upton Park",51.536628,0.034542
"Uxbridge",51.546455,-0.477102
"Vauxhall",51.484833,-0.126416
"Victoria",51.496424,-0.143921
"Walthamstow Central",51.583018,-0.019941
"Wanstead",51.574984,0.028706
"Wapping",51.504416,-0.055541
"Warren Street",51.52458,-0.138278
"Warwick Avenue",51.523104,-0.182953
"Waterloo",51.503573,-0.114077
"Watford",51.65747,-0.41726
"Wembley Central",51.551709,-0.296196
"Wembley Park",51.563349,-0.279227
"West Acton",51.51777,-0.280657
"West Brompton",51.487329,-0.195539
"West Finchley",51.609263,-0.188917
"West Ham",51.528526,0.005317
"West Hampstead",51.546717,-0.190969
"West Harrow",51.578924,-0.353847
"West India Quay (DLR)",51.508299,-0.018902
"West Silvertown  (DLR)",51.501475,0.021045
"West Kensington",51.490109,-0.206204
"West Ruislip",51.569588,-0.43786
"Westbourne Park",51.520989,-0.200883
"Westferry (DLR)",51.50944,-0.0268
"Westminster",51.501402,-0.125002
"White City",51.512232,-0.224632
"Whitechapel",51.519588,-0.05942
"Willesden Green",51.549373,-0.222408
"Willesden Junction",51.532994,-0.243
"Wimbledon",51.421108,-0.206663
"Wimbledon Park",51.434581,-0.199186
"Wood Green",51.597454,-0.109527
"Woodford",51.607332,0.033817
"Woodside Park",51.617868,-0.185426
